{"cameraMode":{"drawMode":0,"name":"Shaded","section":"Shading Mode"},"sceneLighting":true,"audioPlay":false,"sceneViewState":{"showFog":false,"showMaterialUpdate":true,"showSkybox":true,"showFlares":true,"showImageEffects":true,"showParticleSystems":true},"in2DMode":false,"pivot":{"x":0.8705297708511353,"y":-7.1578264236450199,"z":-6.714093208312988},"rotation":{"x":-0.3041965067386627,"y":0.03654622286558151,"z":-0.011587655171751976,"w":-0.951893150806427},"size":60.97716522216797,"orthographic":false}