{"cameraMode":{"drawMode":0,"name":"Shaded","section":"Shading Mode"},"sceneLighting":true,"audioPlay":false,"sceneViewState":{"showFog":false,"showMaterialUpdate":true,"showSkybox":true,"showFlares":true,"showImageEffects":true,"showParticleSystems":true},"in2DMode":false,"pivot":{"x":4.589807987213135,"y":8.748231887817383,"z":-27.221277236938478},"rotation":{"x":-0.1479206681251526,"y":-0.06764621287584305,"z":0.010139967314898968,"w":-0.9866770505905151},"size":33.28236389160156,"orthographic":false}