{"cameraMode":{"drawMode":0,"name":"Shaded","section":"Shading Mode"},"sceneLighting":true,"audioPlay":false,"sceneViewState":{"showFog":false,"showMaterialUpdate":true,"showSkybox":true,"showFlares":true,"showImageEffects":true,"showParticleSystems":true},"in2DMode":false,"pivot":{"x":-26.85152816772461,"y":1344.385009765625,"z":915.0880126953125},"rotation":{"x":0.008267591707408429,"y":-0.9751102924346924,"z":0.036886222660541537,"w":0.21858736872673036},"size":2022.417236328125,"orthographic":false}