{"cameraMode":{"drawMode":0,"name":"Shaded","section":"Shading Mode"},"sceneLighting":true,"audioPlay":false,"sceneViewState":{"showFog":false,"showMaterialUpdate":true,"showSkybox":true,"showFlares":true,"showImageEffects":true,"showParticleSystems":true},"in2DMode":false,"pivot":{"x":-0.35499444603919985,"y":-1.2883212566375733,"z":-0.6975696682929993},"rotation":{"x":-0.02880612574517727,"y":0.0032959994859993459,"z":-0.0000742749689379707,"w":-0.999595046043396},"size":14.997198104858399,"orthographic":false}